,Survived,Pclass,Sex,Age,SibSp,Parch,Fare
0,0,3,1,0.825,0.6,0.0,0.04239766081871345
1,1,1,0,1.425,0.6,0.0,0.41686140350877193
2,1,3,0,0.975,0.0,0.0,0.04634502923976608
3,1,1,0,1.3125,0.6,0.0,0.3105263157894737
4,0,3,1,1.3125,0.0,0.0,0.04707602339181287
6,0,1,1,2.025,0.0,0.0,0.3032894736842105
7,0,3,1,0.075,1.7999999999999998,0.5,0.12324561403508771
8,1,3,0,1.0125,0.0,1.0,0.06510701754385965
9,1,2,0,0.525,0.6,0.0,0.17585263157894737
10,1,3,0,0.15,0.6,0.5,0.09766081871345028
11,1,1,0,2.175,0.0,0.0,0.15526315789473685
12,0,3,1,0.75,0.0,0.0,0.04707602339181287
13,0,3,1,1.4625,0.6,2.5,0.18289473684210525
14,0,3,0,0.525,0.0,0.0,0.04593099415204678
15,1,2,0,2.0625,0.0,0.0,0.0935672514619883
16,0,3,1,0.075,2.4,0.5,0.1703216374269006
18,0,3,0,1.1624999999999999,0.6,0.0,0.10526315789473684
20,0,2,1,1.3125,0.0,0.0,0.15204678362573099
21,1,2,1,1.275,0.0,0.0,0.07602339181286549
22,1,3,0,0.5625,0.0,0.0,0.046954385964912276
23,1,1,1,1.05,0.0,0.0,0.20760233918128654
24,0,3,0,0.3,1.7999999999999998,0.5,0.12324561403508771
25,1,3,0,1.425,0.6,2.5,0.18355263157894736
27,0,1,1,0.7125,1.7999999999999998,1.0,1.5380116959064327
30,0,1,1,1.5,0.0,0.0,0.16210994152046784
33,0,2,1,2.475,0.0,0.0,0.06140350877192982
34,0,1,1,1.05,0.6,0.0,0.4805309941520468
35,0,1,1,1.575,0.6,0.0,0.30409356725146197
37,0,3,1,0.7875,0.0,0.0,0.04707602339181287
38,0,3,0,0.6749999999999999,1.2,0.0,0.10526315789473684
39,1,3,0,0.525,0.6,0.0,0.06574093567251461
40,0,3,0,1.5,0.6,0.0,0.0554093567251462
41,0,2,0,1.0125,0.6,0.0,0.12280701754385964
43,1,2,0,0.11249999999999999,0.6,1.0,0.243153216374269
44,1,3,0,0.7125,0.0,0.0,0.04607719298245614
49,0,3,0,0.6749999999999999,0.6,0.0,0.10409356725146199
50,0,3,1,0.2625,2.4,0.5,0.2320906432748538
51,0,3,1,0.7875,0.0,0.0,0.045614035087719294
52,1,1,0,1.8375,0.6,0.0,0.4487087719298246
53,1,2,0,1.0875,0.6,0.0,0.15204678362573099
54,0,1,1,2.4375,0.0,0.5,0.3624514619883041
56,1,2,0,0.7875,0.0,0.0,0.06140350877192982
57,0,3,1,1.0687499999999999,0.0,0.0,0.04227602339181286
58,1,2,0,0.1875,0.6,1.0,0.16228070175438597
59,0,3,1,0.4125,3.0,1.0,0.2742690058479532
60,0,3,1,0.825,0.0,0.0,0.04227602339181286
61,1,1,0,1.425,0.0,0.0,0.4678362573099415
62,0,1,1,1.6875,0.6,0.0,0.48815789473684207
63,0,3,1,0.15,1.7999999999999998,1.0,0.16315789473684209
66,1,2,0,1.0875,0.0,0.0,0.06140350877192982
67,0,3,1,0.7125,0.0,0.0,0.0477093567251462
68,1,3,0,0.6375,2.4,1.0,0.04634502923976608
69,0,3,1,0.975,1.2,0.0,0.0506578947368421
70,0,2,1,1.2,0.0,0.0,0.06140350877192982
71,0,3,0,0.6,3.0,1.0,0.2742690058479532
72,0,2,1,0.7875,0.0,0.0,0.4298245614035088
73,0,3,1,0.975,0.6,0.0,0.08452748538011697
74,1,3,1,1.2,0.0,0.0,0.33038479532163745
75,0,3,1,0.9375,0.0,0.0,0.04473684210526316
78,1,2,1,0.031124999999999996,0.0,1.0,0.1695906432748538
79,1,3,0,1.125,0.0,0.0,0.072953216374269
80,0,3,1,0.825,0.0,0.0,0.05263157894736842
81,1,3,1,1.0875,0.0,0.0,0.05555555555555555
83,0,1,1,1.05,0.0,0.0,0.2754385964912281
84,1,2,0,0.6375,0.0,0.0,0.06140350877192982
85,1,3,0,1.2375,1.7999999999999998,0.0,0.09269005847953216
86,0,3,1,0.6,0.6,1.5,0.2010233918128655
88,1,1,0,0.8624999999999999,1.7999999999999998,1.0,1.5380116959064327
89,0,3,1,0.8999999999999999,0.0,0.0,0.04707602339181287
90,0,3,1,1.0875,0.0,0.0,0.04707602339181287
91,0,3,1,0.75,0.0,0.0,0.04593099415204678
92,0,1,1,1.7249999999999999,0.6,0.0,0.35774853801169587
93,0,3,1,0.975,0.6,1.0,0.12032163742690058
94,0,3,1,2.2125,0.0,0.0,0.04239766081871345
96,0,1,1,2.6625,0.0,0.0,0.2026561403508772
97,1,1,1,0.8624999999999999,0.0,0.5,0.37051637426900585
98,1,2,0,1.275,0.0,0.5,0.13450292397660818
99,0,2,1,1.275,0.6,0.0,0.15204678362573099
100,0,3,0,1.05,0.0,0.0,0.04617426900584796
102,0,1,1,0.7875,0.0,0.5,0.4519736842105263
103,0,3,1,1.2375,0.0,0.0,0.050609356725146194
104,0,3,1,1.3875,1.2,0.0,0.04634502923976608
105,0,3,1,1.05,0.0,0.0,0.04617426900584796
106,1,3,0,0.7875,0.0,0.0,0.04473684210526316
108,0,3,1,1.425,0.0,0.0,0.04617426900584796
110,0,1,1,1.7625,0.0,0.0,0.30409356725146197
111,0,3,0,0.54375,0.6,0.0,0.08452748538011697
112,0,3,1,0.825,0.0,0.0,0.04707602339181287
113,0,3,0,0.75,0.6,0.0,0.05745614035087719
114,0,3,0,0.6375,0.0,0.0,0.08455146198830409
115,0,3,1,0.7875,0.0,0.0,0.04634502923976608
116,0,3,1,2.64375,0.0,0.0,0.04532163742690058
117,0,2,1,1.0875,0.6,0.0,0.12280701754385964
118,0,1,1,0.8999999999999999,0.0,0.5,1.4474900584795323
119,0,3,0,0.075,2.4,1.0,0.18289473684210525
120,0,2,1,0.7875,1.2,0.0,0.4298245614035088
122,0,2,1,1.21875,0.6,0.0,0.17585263157894737
123,1,2,0,1.21875,0.0,0.0,0.07602339181286549
124,0,1,1,2.025,0.0,0.5,0.4519736842105263
125,1,3,1,0.44999999999999996,0.6,0.0,0.06574093567251461
127,1,3,1,0.8999999999999999,0.0,0.0,0.041764327485380115
129,0,3,1,1.6875,0.0,0.0,0.04078947368421052
130,0,3,1,1.2375,0.0,0.0,0.04617426900584796
131,0,3,1,0.75,0.0,0.0,0.04122807017543859
132,0,3,0,1.7625,0.6,0.0,0.0847953216374269
133,1,2,0,1.0875,0.6,0.0,0.15204678362573099
134,0,2,1,0.9375,0.0,0.0,0.07602339181286549
135,0,2,1,0.8624999999999999,0.0,0.0,0.08798713450292397
136,1,1,0,0.7125,0.0,1.0,0.15370350877192981
137,0,1,1,1.3875,0.6,0.0,0.3105263157894737
138,0,3,1,0.6,0.0,0.0,0.053898830409356724
139,0,1,1,0.8999999999999999,0.0,0.0,0.4631578947368421
141,1,3,0,0.825,0.0,0.0,0.04532163742690058
142,1,3,0,0.8999999999999999,0.6,0.0,0.09269005847953216
143,0,3,1,0.7125,0.0,0.0,0.039473684210526314
144,0,2,1,0.6749999999999999,0.0,0.0,0.06725146198830409
145,0,2,1,0.7125,0.6,0.5,0.2149122807017544
146,1,3,1,1.0125,0.0,0.0,0.04558947368421053
147,0,3,0,0.33749999999999997,1.2,1.0,0.2010233918128655
148,0,2,1,1.36875,0.0,1.0,0.15204678362573099
149,0,2,1,1.575,0.0,0.0,0.07602339181286549
150,0,2,1,1.9124999999999999,0.0,0.0,0.07324561403508772
151,1,1,0,0.825,0.6,0.0,0.3894736842105263
152,0,3,1,2.08125,0.0,0.0,0.04707602339181287
153,0,3,1,1.5187499999999998,0.0,1.0,0.0847953216374269
155,0,1,1,1.9124999999999999,0.0,0.5,0.3589426900584795
156,1,3,0,0.6,0.0,0.0,0.04522397660818713
157,0,3,1,1.125,0.0,0.0,0.04707602339181287
160,0,3,1,1.65,0.0,0.5,0.09415204678362574
161,1,2,0,1.5,0.0,0.0,0.09210526315789473
162,0,3,1,0.975,0.0,0.0,0.04546783625730994
163,0,3,1,0.6375,0.0,0.0,0.0506578947368421
164,0,3,1,0.0375,2.4,0.5,0.2320906432748538
165,1,3,1,0.33749999999999997,0.0,1.0,0.12002923976608186
167,0,3,0,1.6875,0.6,2.0,0.16315789473684209
169,0,3,1,1.05,0.0,0.0,0.33038479532163745
170,0,1,1,2.2875,0.0,0.0,0.195906432748538
171,0,3,1,0.15,2.4,0.5,0.1703216374269006
172,1,3,0,0.0375,0.6,0.5,0.06510701754385965
173,0,3,1,0.7875,0.0,0.0,0.04634502923976608
174,0,1,1,2.1,0.0,0.0,0.17950760233918128
175,0,3,1,0.6749999999999999,0.6,0.5,0.04593099415204678
177,0,1,0,1.875,0.0,0.0,0.1679093567251462
178,0,2,1,1.125,0.0,0.0,0.07602339181286549
179,0,3,1,1.3499999999999999,0.0,0.0,0.0
182,0,3,1,0.33749999999999997,2.4,1.0,0.18355263157894736
183,1,2,1,0.0375,1.2,0.5,0.22807017543859648
184,1,3,0,0.15,0.0,1.0,0.12880116959064328
187,1,1,1,1.6875,0.0,0.0,0.15526315789473685
188,0,3,1,1.5,0.6,0.5,0.09064327485380116
189,0,3,1,1.3499999999999999,0.0,0.0,0.04617426900584796
190,1,2,0,1.2,0.0,0.0,0.07602339181286549
191,0,2,1,0.7125,0.0,0.0,0.07602339181286549
192,1,3,0,0.7125,0.6,0.0,0.04593099415204678
193,1,2,1,0.11249999999999999,0.6,0.5,0.15204678362573099
194,1,1,0,1.65,0.0,0.0,0.16210994152046784
195,1,1,0,2.175,0.0,0.0,0.8568467836257311
197,0,3,1,1.575,0.0,0.5,0.04914736842105263
199,0,2,0,0.8999999999999999,0.0,0.0,0.07602339181286549
200,0,3,1,1.05,0.0,0.0,0.05555555555555555
202,0,3,1,1.275,0.0,0.0,0.03798713450292398
203,0,3,1,1.7062499999999998,0.0,0.0,0.04225146198830409
204,1,3,1,0.6749999999999999,0.0,0.0,0.04707602339181287
205,0,3,0,0.075,0.0,0.5,0.06118421052631579
206,0,3,1,1.2,0.6,0.0,0.09269005847953216
207,1,3,1,0.975,0.0,0.0,0.10986842105263159
208,1,3,0,0.6,0.0,0.0,0.04532163742690058
209,1,1,1,1.5,0.0,0.0,0.18128654970760233
210,0,3,1,0.8999999999999999,0.0,0.0,0.04122807017543859
211,1,2,0,1.3125,0.0,0.0,0.12280701754385964
212,0,3,1,0.825,0.0,0.0,0.04239766081871345
213,0,2,1,1.125,0.0,0.0,0.07602339181286549
215,1,1,0,1.1624999999999999,0.6,0.0,0.6624269005847954
216,1,3,0,1.0125,0.0,0.0,0.04634502923976608
217,0,2,1,1.575,0.6,0.0,0.15789473684210525
218,1,1,0,1.2,0.0,0.0,0.44615029239766085
219,0,2,1,1.125,0.0,0.0,0.06140350877192982
220,1,3,1,0.6,0.0,0.0,0.04707602339181287
221,0,2,1,1.0125,0.0,0.0,0.07602339181286549
222,0,3,1,1.9124999999999999,0.0,0.0,0.04707602339181287
224,1,1,1,1.425,0.6,0.0,0.5263157894736842
225,0,3,1,0.825,0.0,0.0,0.054678362573099416
226,1,2,1,0.7125,0.0,0.0,0.06140350877192982
227,0,3,1,0.7687499999999999,0.0,0.0,0.04239766081871345
228,0,2,1,0.6749999999999999,0.0,0.0,0.07602339181286549
230,1,1,0,1.3125,0.6,0.0,0.48815789473684207
231,0,3,1,1.0875,0.0,0.0,0.04546783625730994
232,0,2,1,2.2125,0.0,0.0,0.07894736842105263
233,1,3,0,0.1875,2.4,1.0,0.18355263157894736
234,0,2,1,0.8999999999999999,0.0,0.0,0.06140350877192982
236,0,2,1,1.65,0.6,0.0,0.15204678362573099
237,1,2,0,0.3,0.0,1.0,0.15350877192982457
238,0,2,1,0.7125,0.0,0.0,0.06140350877192982
239,0,2,1,1.2375,0.0,0.0,0.07178362573099416
242,0,2,1,1.0875,0.0,0.0,0.06140350877192982
243,0,3,1,0.825,0.0,0.0,0.041666666666666664
244,0,3,1,1.125,0.0,0.0,0.04225146198830409
245,0,1,1,1.65,1.2,0.0,0.5263157894736842
246,0,3,0,0.9375,0.0,0.0,0.04546783625730994
247,1,2,0,0.8999999999999999,0.0,1.0,0.0847953216374269
248,1,1,1,1.3875,0.6,0.5,0.3073345029239766
249,0,2,1,2.025,0.6,0.0,0.15204678362573099
251,0,3,0,1.0875,0.6,0.5,0.06118421052631579
252,0,1,1,2.3249999999999997,0.0,0.0,0.15526315789473685
253,0,3,1,1.125,0.6,0.0,0.09415204678362574
254,0,3,0,1.5374999999999999,0.0,1.0,0.1182017543859649
255,1,3,0,1.0875,0.0,1.0,0.08915672514619882
257,1,1,0,1.125,0.0,0.0,0.5058479532163743
258,1,1,0,1.3125,0.0,0.0,2.9960771929824563
259,1,2,0,1.875,0.0,0.5,0.15204678362573099
261,1,3,1,0.11249999999999999,2.4,1.0,0.18355263157894736
262,0,1,1,1.95,0.6,0.5,0.4657894736842106
263,0,1,1,1.5,0.0,0.0,0.0
265,0,2,1,1.3499999999999999,0.0,0.0,0.06140350877192982
266,0,3,1,0.6,2.4,0.5,0.2320906432748538
267,1,3,1,0.9375,0.6,0.0,0.04546783625730994
268,1,1,0,2.175,0.0,0.5,0.8974415204678363
269,1,1,0,1.3125,0.0,0.0,0.793177192982456
271,1,3,1,0.9375,0.0,0.0,0.0
272,1,2,0,1.5374999999999999,0.0,0.5,0.11403508771929824
273,0,1,1,1.3875,0.0,0.5,0.17368421052631577
275,1,1,0,2.3625,0.6,0.0,0.45589649122807013
276,0,3,0,1.6875,0.0,0.0,0.04532163742690058
278,0,3,1,0.2625,2.4,0.5,0.1703216374269006
279,1,3,0,1.3125,0.6,0.5,0.11842105263157894
280,0,3,1,2.4375,0.0,0.0,0.04532163742690058
281,0,3,1,1.05,0.0,0.0,0.04593099415204678
282,0,3,1,0.6,0.0,0.0,0.05555555555555555
283,1,3,1,0.7125,0.0,0.0,0.04707602339181287
285,0,3,1,1.2375,0.0,0.0,0.0506578947368421
286,1,3,1,1.125,0.0,0.0,0.05555555555555555
287,0,3,1,0.825,0.0,0.0,0.04617426900584796
288,1,2,1,1.575,0.0,0.0,0.07602339181286549
289,1,3,0,0.825,0.0,0.0,0.04532163742690058
290,1,1,0,0.975,0.0,0.0,0.4611111111111111
291,1,1,0,0.7125,0.6,0.0,0.5326269005847953
292,0,2,1,1.3499999999999999,0.0,0.0,0.07529239766081872
293,0,3,0,0.8999999999999999,0.0,0.0,0.05175438596491228
294,0,3,1,0.8999999999999999,0.0,0.0,0.04617426900584796
296,0,3,1,0.88125,0.0,0.0,0.04227602339181286
297,0,1,0,0.075,0.6,1.0,0.8862573099415205
299,1,1,0,1.875,0.0,0.5,1.4474900584795323
302,0,3,1,0.7125,0.0,0.0,0.0
305,1,1,1,0.0345,0.6,1.0,0.8862573099415205
307,1,1,0,0.6375,0.6,0.0,0.6368421052631579
308,0,2,1,1.125,0.6,0.0,0.14035087719298245
309,1,1,0,1.125,0.0,0.0,0.33291929824561406
310,1,1,0,0.8999999999999999,0.0,0.0,0.48630584795321635
311,1,1,0,0.6749999999999999,1.2,1.0,1.534356725146199
312,0,2,0,0.975,0.6,0.5,0.15204678362573099
313,0,3,1,1.05,0.0,0.0,0.04617426900584796
314,0,2,1,1.6124999999999998,0.6,0.5,0.15350877192982457
315,1,3,0,0.975,0.0,0.0,0.04593099415204678
316,1,2,0,0.8999999999999999,0.6,0.0,0.15204678362573099
317,0,2,1,2.025,0.0,0.0,0.08187134502923976
318,1,1,0,1.1624999999999999,0.0,1.0,0.9641327485380118
319,1,1,0,1.5,0.6,0.5,0.7865497076023392
320,0,3,1,0.825,0.0,0.0,0.04239766081871345
321,0,3,1,1.0125,0.0,0.0,0.04617426900584796
322,1,2,0,1.125,0.0,0.0,0.07222222222222222
323,1,2,0,0.825,0.6,0.5,0.1695906432748538
325,1,1,0,1.3499999999999999,0.0,0.0,0.793177192982456
326,0,3,1,2.2875,0.0,0.0,0.0364766081871345
327,1,2,0,1.3499999999999999,0.0,0.0,0.07602339181286549
328,1,3,0,1.1624999999999999,0.6,0.5,0.12002923976608186
329,1,1,0,0.6,0.0,0.5,0.339059649122807
331,0,1,1,1.7062499999999998,0.0,0.0,0.16666666666666666
332,0,1,1,1.425,0.0,0.5,0.8974415204678363
333,0,3,1,0.6,1.2,0.0,0.10526315789473684
336,0,1,1,1.0875,0.6,0.0,0.3894736842105263
337,1,1,0,1.5374999999999999,0.0,0.0,0.7865497076023392
338,1,3,1,1.6875,0.0,0.0,0.04707602339181287
339,0,1,1,1.6875,0.0,0.0,0.20760233918128654
340,1,2,1,0.075,0.6,0.5,0.15204678362573099
341,1,1,0,0.8999999999999999,1.7999999999999998,1.0,1.5380116959064327
342,0,2,1,1.05,0.0,0.0,0.07602339181286549
343,0,2,1,0.9375,0.0,0.0,0.07602339181286549
344,0,2,1,1.3499999999999999,0.0,0.0,0.07602339181286549
345,1,2,0,0.8999999999999999,0.0,0.0,0.07602339181286549
346,1,2,0,1.5,0.0,0.0,0.07602339181286549
348,1,3,1,0.11249999999999999,0.6,0.5,0.09298245614035087
349,0,3,1,1.575,0.0,0.0,0.0506578947368421
350,0,3,1,0.8624999999999999,0.0,0.0,0.05394736842105263
352,0,3,1,0.5625,0.6,0.5,0.04227602339181286
353,0,3,1,0.9375,0.6,0.0,0.10409356725146199
355,0,3,1,1.05,0.0,0.0,0.05555555555555555
356,1,1,0,0.825,0.0,0.5,0.3216374269005848
357,0,2,0,1.425,0.0,0.0,0.07602339181286549
360,0,3,1,1.5,0.6,2.0,0.16315789473684209
361,0,2,1,1.0875,0.6,0.0,0.16210994152046784
362,0,3,0,1.6875,0.0,0.5,0.08452748538011697
363,0,3,1,1.3125,0.0,0.0,0.04122807017543859
365,0,3,1,1.125,0.0,0.0,0.04239766081871345
366,1,1,0,2.25,0.6,0.0,0.44005847953216376
369,1,1,0,0.8999999999999999,0.0,0.0,0.4052631578947368
370,1,1,1,0.9375,0.6,0.0,0.3242204678362573
371,0,3,1,0.6749999999999999,0.6,0.0,0.03798713450292398
372,0,3,1,0.7125,0.0,0.0,0.04707602339181287
373,0,1,1,0.825,0.0,0.0,0.793177192982456
374,0,3,0,0.11249999999999999,1.7999999999999998,0.5,0.12324561403508771
376,1,3,0,0.825,0.0,0.0,0.04239766081871345
377,0,1,1,1.0125,0.0,1.0,1.236842105263158
378,0,3,1,0.75,0.0,0.0,0.023464912280701754
379,0,3,1,0.7125,0.0,0.0,0.04546783625730994
380,1,1,0,1.575,0.0,0.0,1.3305555555555555
381,1,3,0,0.0375,0.0,1.0,0.09205672514619882
382,0,3,1,1.2,0.0,0.0,0.04634502923976608
383,1,1,0,1.3125,0.6,0.0,0.30409356725146197
385,0,2,1,0.6749999999999999,0.0,0.0,0.4298245614035088
386,0,3,1,0.0375,3.0,1.0,0.2742690058479532
387,1,2,0,1.3499999999999999,0.0,0.0,0.07602339181286549
389,1,2,0,0.6375,0.0,0.0,0.07017543859649122
390,1,1,1,1.3499999999999999,0.6,1.0,0.7017543859649122
391,1,3,1,0.7875,0.0,0.0,0.04558947368421053
392,0,3,1,1.05,1.2,0.0,0.04634502923976608
393,1,1,0,0.8624999999999999,0.6,0.0,0.6624269005847954
394,1,3,0,0.8999999999999999,0.0,1.0,0.09766081871345028
395,0,3,1,0.825,0.0,0.0,0.04558947368421053
396,0,3,0,1.1624999999999999,0.0,0.0,0.04593099415204678
397,0,2,1,1.7249999999999999,0.0,0.0,0.15204678362573099
398,0,2,1,0.8624999999999999,0.0,0.0,0.06140350877192982
399,1,2,0,1.05,0.0,0.0,0.0739766081871345
400,1,3,1,1.4625,0.0,0.0,0.04634502923976608
401,0,3,1,0.975,0.0,0.0,0.04707602339181287
402,0,3,0,0.7875,0.6,0.0,0.05745614035087719
403,0,3,1,1.05,0.6,0.0,0.09269005847953216
404,0,3,0,0.75,0.0,0.0,0.0506578947368421
405,0,2,1,1.275,0.6,0.0,0.12280701754385964
406,0,3,1,1.9124999999999999,0.0,0.0,0.04532163742690058
407,1,2,1,0.11249999999999999,0.6,0.5,0.10964912280701754
408,0,3,1,0.7875,0.0,0.0,0.04546783625730994
412,1,1,0,1.2375,0.6,0.0,0.5263157894736842
414,1,3,1,1.65,0.0,0.0,0.04634502923976608
416,1,2,0,1.275,0.6,0.5,0.19005847953216373
417,1,2,0,0.6749999999999999,0.0,1.0,0.07602339181286549
418,0,2,1,1.125,0.0,0.0,0.07602339181286549
419,0,3,0,0.375,0.0,1.0,0.1412280701754386
421,0,3,1,0.7875,0.0,0.0,0.04522397660818713
422,0,3,1,1.0875,0.0,0.0,0.046052631578947366
423,0,3,0,1.05,0.6,0.5,0.08421052631578947
424,0,3,1,0.6749999999999999,0.6,0.5,0.1182017543859649
426,1,2,0,1.05,0.6,0.0,0.15204678362573099
427,1,2,0,0.7125,0.0,0.0,0.15204678362573099
429,1,3,1,1.2,0.0,0.0,0.04707602339181287
430,1,1,1,1.05,0.0,0.0,0.15526315789473685
432,1,2,0,1.575,0.6,0.0,0.15204678362573099
433,0,3,1,0.6375,0.0,0.0,0.041666666666666664
434,0,1,1,1.875,0.6,0.0,0.32690058479532164
435,1,1,0,0.525,0.6,1.0,0.7017543859649122
436,0,3,0,0.7875,1.2,1.0,0.2010233918128655
437,1,2,0,0.8999999999999999,1.2,1.5,0.10964912280701754
438,0,1,1,2.4,0.6,2.0,1.5380116959064327
439,0,2,1,1.1624999999999999,0.0,0.0,0.06140350877192982
440,1,2,0,1.6875,0.6,0.5,0.15350877192982457
441,0,3,1,0.75,0.0,0.0,0.05555555555555555
442,0,3,1,0.9375,0.6,0.0,0.04546783625730994
443,1,2,0,1.05,0.0,0.0,0.07602339181286549
445,1,1,1,0.15,0.0,1.0,0.4787035087719298
446,1,2,0,0.4875,0.0,0.5,0.11403508771929824
447,1,1,1,1.275,0.0,0.0,0.15526315789473685
448,1,3,0,0.1875,1.2,0.5,0.11262163742690058
449,1,1,1,1.95,0.0,0.0,0.1783625730994152
450,0,2,1,1.3499999999999999,0.6,1.0,0.16228070175438597
452,0,1,1,1.125,0.0,0.0,0.16228070175438597
453,1,1,1,1.8375,0.6,0.0,0.5210771929824561
455,1,3,1,1.0875,0.0,0.0,0.04617426900584796
456,0,1,1,2.4375,0.0,0.0,0.15526315789473685
458,1,2,0,1.875,0.0,0.0,0.06140350877192982
460,1,1,1,1.7999999999999998,0.0,0.0,0.15526315789473685
461,0,3,1,1.275,0.0,0.0,0.04707602339181287
462,0,1,1,1.7625,0.0,0.0,0.22514619883040934
463,0,2,1,1.7999999999999998,0.0,0.0,0.07602339181286549
465,0,3,1,1.425,0.0,0.0,0.04122807017543859
467,0,1,1,2.1,0.0,0.0,0.15526315789473685
469,1,3,0,0.028124999999999997,1.2,0.5,0.11262163742690058
471,0,3,1,1.425,0.0,0.0,0.0506578947368421
472,1,2,0,1.2375,0.6,1.0,0.16228070175438597
473,1,2,0,0.8624999999999999,0.0,0.0,0.080653216374269
474,0,3,0,0.825,0.0,0.0,0.057529239766081874
476,0,2,1,1.275,0.6,0.0,0.12280701754385964
477,0,3,1,1.0875,0.6,0.0,0.041203508771929825
478,0,3,1,0.825,0.0,0.0,0.04398128654970761
479,1,3,0,0.075,0.0,0.5,0.07185672514619883
480,0,3,1,0.33749999999999997,3.0,1.0,0.2742690058479532
482,0,3,1,1.875,0.0,0.0,0.04707602339181287
483,1,3,0,2.3625,0.0,0.0,0.05606725146198831
484,1,1,1,0.9375,0.6,0.0,0.5326269005847953
486,1,1,0,1.3125,0.6,0.0,0.5263157894736842
487,0,1,1,2.175,0.0,0.0,0.17368421052631577
488,0,3,1,1.125,0.0,0.0,0.04707602339181287
489,1,3,1,0.33749999999999997,0.6,0.5,0.09298245614035087
491,0,3,1,0.7875,0.0,0.0,0.04239766081871345
492,0,1,1,2.0625,0.0,0.0,0.1783625730994152
493,0,1,1,2.6625,0.0,0.0,0.2894982456140351
494,0,3,1,0.7875,0.0,0.0,0.04707602339181287
496,1,1,0,2.025,0.6,0.0,0.4577
498,0,1,0,0.9375,0.6,1.0,0.8862573099415205
499,0,3,1,0.8999999999999999,0.0,0.0,0.04558947368421053
500,0,3,1,0.6375,0.0,0.0,0.0506578947368421
501,0,3,0,0.7875,0.0,0.0,0.04532163742690058
503,0,3,0,1.3875,0.0,0.0,0.05606725146198831
504,1,1,0,0.6,0.0,0.0,0.5058479532163743
505,0,1,1,0.6749999999999999,0.6,0.0,0.6368421052631579
506,1,2,0,1.2375,0.0,1.0,0.15204678362573099
508,0,3,1,1.05,0.0,0.0,0.1317251461988304
509,1,3,1,0.975,0.0,0.0,0.33038479532163745
510,1,3,1,1.0875,0.0,0.0,0.04532163742690058
512,1,1,1,1.3499999999999999,0.0,0.0,0.1537280701754386
513,1,1,0,2.025,0.6,0.0,0.34736842105263155
514,0,3,1,0.8999999999999999,0.0,0.0,0.04383508771929825
515,0,1,1,1.7625,0.0,0.0,0.19895204678362574
516,1,2,0,1.275,0.0,0.0,0.06140350877192982
518,1,2,0,1.3499999999999999,0.6,0.0,0.15204678362573099
519,0,3,1,1.2,0.0,0.0,0.04617426900584796
520,1,1,0,1.125,0.0,0.0,0.5467836257309941
521,0,3,1,0.825,0.0,0.0,0.04617426900584796
523,1,1,0,1.65,0.0,0.5,0.339059649122807
525,0,3,1,1.5187499999999998,0.0,0.0,0.04532163742690058
526,1,2,0,1.875,0.0,0.0,0.06140350877192982
528,0,3,1,1.4625,0.0,0.0,0.04634502923976608
529,0,2,1,0.8624999999999999,1.2,0.5,0.06725146198830409
530,1,2,0,0.075,0.6,0.5,0.15204678362573099
532,0,3,1,0.6375,0.6,0.5,0.04227602339181286
534,0,3,0,1.125,0.0,0.0,0.0506578947368421
535,1,2,0,0.2625,0.0,1.0,0.15350877192982457
536,0,1,1,1.6875,0.0,0.0,0.15526315789473685
537,1,1,0,1.125,0.0,0.0,0.6223684210526316
539,1,1,0,0.825,0.0,1.0,0.2894736842105263
540,1,1,0,1.3499999999999999,0.0,1.0,0.4152046783625731
541,0,3,0,0.33749999999999997,2.4,1.0,0.18289473684210525
542,0,3,0,0.4125,2.4,1.0,0.18289473684210525
543,1,2,1,1.2,0.6,0.0,0.15204678362573099
544,0,1,1,1.875,0.6,0.0,0.6223684210526316
545,0,1,1,2.4,0.0,0.0,0.15204678362573099
546,1,2,0,0.7125,0.6,0.0,0.15204678362573099
548,0,3,1,1.2375,0.6,0.5,0.12002923976608186
549,1,2,1,0.3,0.6,0.5,0.2149122807017544
550,1,1,1,0.6375,0.0,1.0,0.648440350877193
551,0,2,1,1.0125,0.0,0.0,0.15204678362573099
553,1,3,1,0.825,0.0,0.0,0.04225146198830409
554,1,3,0,0.825,0.0,0.0,0.04546783625730994
555,0,1,1,2.3249999999999997,0.0,0.0,0.15526315789473685
556,1,1,0,1.7999999999999998,0.6,0.0,0.23157894736842105
558,1,1,0,1.4625,0.6,0.5,0.4657894736842106
559,1,3,0,1.3499999999999999,0.6,0.0,0.10175438596491228
561,0,3,1,1.5,0.0,0.0,0.04617426900584796
562,0,2,1,1.05,0.0,0.0,0.07894736842105263
565,0,3,1,0.8999999999999999,1.2,0.0,0.1412280701754386
566,0,3,1,0.7125,0.0,0.0,0.04617426900584796
567,0,3,0,1.0875,0.0,2.0,0.12324561403508771
569,1,3,1,1.2,0.0,0.0,0.04593099415204678
570,1,2,1,2.3249999999999997,0.0,0.0,0.06140350877192982
571,1,1,0,1.9874999999999998,1.2,0.0,0.3010479532163743
572,1,1,1,1.3499999999999999,0.0,0.0,0.154312865497076
574,0,3,1,0.6,0.0,0.0,0.04707602339181287
575,0,3,1,0.7125,0.0,0.0,0.0847953216374269
576,1,2,0,1.275,0.0,0.0,0.07602339181286549
577,1,1,0,1.4625,0.6,0.0,0.32690058479532164
579,1,3,1,1.2,0.0,0.0,0.04634502923976608
580,1,2,0,0.9375,0.6,0.5,0.17543859649122806
581,1,1,0,1.4625,0.6,0.5,0.648440350877193
582,0,2,1,2.025,0.0,0.0,0.15204678362573099
583,0,1,1,1.3499999999999999,0.0,0.0,0.23464912280701755
585,1,1,0,0.6749999999999999,0.0,1.0,0.4657894736842106
586,0,2,1,1.7625,0.0,0.0,0.08771929824561403
587,1,1,1,2.25,0.6,0.5,0.4631578947368421
588,0,3,1,0.825,0.0,0.0,0.04707602339181287
590,0,3,1,1.3125,0.0,0.0,0.041666666666666664
591,1,1,0,1.95,0.6,0.0,0.4577
592,0,3,1,1.7625,0.0,0.0,0.04239766081871345
594,0,2,1,1.3875,0.6,0.0,0.15204678362573099
595,0,3,1,1.3499999999999999,0.6,0.5,0.1412280701754386
597,0,3,1,1.8375,0.0,0.0,0.0
599,1,1,1,1.8375,0.6,0.0,0.33291929824561406
600,1,2,0,0.8999999999999999,1.2,0.5,0.15789473684210525
603,0,3,1,1.65,0.0,0.0,0.04707602339181287
604,1,1,1,1.3125,0.0,0.0,0.15526315789473685
605,0,3,1,1.3499999999999999,0.6,0.0,0.09093567251461988
606,0,3,1,1.125,0.0,0.0,0.04617426900584796
607,1,1,1,1.0125,0.0,0.0,0.1783625730994152
608,1,2,0,0.825,0.6,1.0,0.243153216374269
609,1,1,0,1.5,0.0,0.0,0.8974415204678363
610,0,3,0,1.4625,0.6,2.5,0.18289473684210525
614,0,3,1,1.3125,0.0,0.0,0.04707602339181287
615,1,2,0,0.8999999999999999,0.6,1.0,0.38011695906432746
616,0,3,1,1.275,0.6,0.5,0.08421052631578947
617,0,3,0,0.975,0.6,0.0,0.09415204678362574
618,1,2,0,0.15,1.2,0.5,0.22807017543859648
619,0,2,1,0.975,0.0,0.0,0.06140350877192982
620,0,3,1,1.0125,0.6,0.0,0.08452748538011697
621,1,1,1,1.575,0.6,0.0,0.3073345029239766
622,1,3,1,0.75,0.6,0.5,0.09205672514619882
623,0,3,1,0.7875,0.0,0.0,0.04593099415204678
624,0,3,1,0.7875,0.0,0.0,0.09415204678362574
625,0,1,1,2.2875,0.0,0.0,0.18901052631578946
626,0,2,1,2.1374999999999997,0.0,0.0,0.07222222222222222
627,1,1,0,0.7875,0.0,0.0,0.45589649122807013
628,0,3,1,0.975,0.0,0.0,0.04617426900584796
630,1,1,1,3.0,0.0,0.0,0.17543859649122806
631,0,3,1,1.9124999999999999,0.0,0.0,0.04125263157894737
632,1,1,1,1.2,0.0,0.0,0.1783625730994152
634,0,3,0,0.33749999999999997,1.7999999999999998,1.0,0.16315789473684209
635,1,2,0,1.05,0.0,0.0,0.07602339181286549
636,0,3,1,1.2,0.0,0.0,0.04634502923976608
637,0,2,1,1.1624999999999999,0.6,0.5,0.15350877192982457
638,0,3,0,1.5374999999999999,0.0,2.5,0.2320906432748538
640,0,3,1,0.75,0.0,0.0,0.04593099415204678
641,1,1,0,0.8999999999999999,0.0,0.0,0.4052631578947368
642,0,3,0,0.075,1.7999999999999998,1.0,0.16315789473684209
644,1,3,0,0.028124999999999997,1.2,0.5,0.11262163742690058
645,1,1,1,1.7999999999999998,0.6,0.0,0.4487087719298246
646,0,3,1,0.7125,0.0,0.0,0.04617426900584796
647,1,1,1,2.1,0.0,0.0,0.20760233918128654
649,1,3,0,0.8624999999999999,0.0,0.0,0.04415204678362573
651,1,2,0,0.6749999999999999,0.0,0.5,0.13450292397660818
652,0,3,1,0.7875,0.0,0.0,0.04931754385964912
654,0,3,0,0.6749999999999999,0.0,0.0,0.039473684210526314
655,0,2,1,0.8999999999999999,1.2,0.0,0.4298245614035088
657,0,3,0,1.2,0.6,0.5,0.09064327485380116
658,0,2,1,0.8624999999999999,0.0,0.0,0.07602339181286549
659,0,1,1,2.175,0.0,1.0,0.6624269005847954
660,1,1,1,1.875,1.2,0.0,0.781578947368421
661,0,3,1,1.5,0.0,0.0,0.04225146198830409
662,0,1,1,1.7625,0.0,0.0,0.1496345029239766
663,0,3,1,1.3499999999999999,0.0,0.0,0.04383508771929825
664,1,3,1,0.75,0.6,0.0,0.04634502923976608
665,0,2,1,1.2,1.2,0.0,0.4298245614035088
666,0,2,1,0.9375,0.0,0.0,0.07602339181286549
668,0,3,1,1.6124999999999998,0.0,0.0,0.04707602339181287
670,1,2,0,1.5,0.6,0.5,0.22807017543859648
671,0,1,1,1.1624999999999999,0.6,0.0,0.30409356725146197
672,0,2,1,2.625,0.0,0.0,0.06140350877192982
673,1,2,1,1.1624999999999999,0.0,0.0,0.07602339181286549
675,0,3,1,0.6749999999999999,0.0,0.0,0.04546783625730994
676,0,3,1,0.91875,0.0,0.0,0.04707602339181287
677,1,3,0,0.6749999999999999,0.0,0.0,0.05755380116959064
678,0,3,0,1.6124999999999998,0.6,3.0,0.2742690058479532
679,1,1,1,1.3499999999999999,0.0,0.5,2.9960771929824563
681,1,1,1,1.0125,0.0,0.0,0.4487087719298246
682,0,3,1,0.75,0.0,0.0,0.05394736842105263
683,0,3,1,0.525,3.0,1.0,0.2742690058479532
684,0,2,1,2.25,0.6,0.5,0.22807017543859648
685,0,2,1,0.9375,0.6,1.0,0.243153216374269
686,0,3,1,0.525,2.4,0.5,0.2320906432748538
687,0,3,1,0.7125,0.0,0.0,0.059478362573099415
688,0,3,1,0.6749999999999999,0.0,0.0,0.04558947368421053
689,1,1,0,0.5625,0.0,0.5,1.2358918128654972
690,1,1,1,1.1624999999999999,0.6,0.0,0.3333333333333333
691,1,3,0,0.15,0.0,0.5,0.07846023391812866
693,0,3,1,0.9375,0.0,0.0,0.04225146198830409
694,0,1,1,2.25,0.0,0.0,0.15526315789473685
695,0,2,1,1.95,0.0,0.0,0.07894736842105263
696,0,3,1,1.65,0.0,0.0,0.04707602339181287
698,0,1,1,1.8375,0.6,0.5,0.648440350877193
699,0,3,1,1.575,0.0,0.0,0.04473684210526316
700,1,1,0,0.6749999999999999,0.6,0.0,1.3305555555555555
701,1,1,1,1.3125,0.0,0.0,0.1537280701754386
702,0,3,0,0.6749999999999999,0.0,0.5,0.08452748538011697
703,0,3,1,0.9375,0.0,0.0,0.04527309941520468
704,0,3,1,0.975,0.6,0.0,0.04593099415204678
705,0,2,1,1.4625,0.0,0.0,0.15204678362573099
706,1,2,0,1.6875,0.0,0.0,0.07894736842105263
707,1,1,1,1.575,0.0,0.0,0.1537280701754386
708,1,1,0,0.825,0.0,0.0,0.8862573099415205
710,1,1,0,0.8999999999999999,0.0,0.0,0.2894982456140351
712,1,1,1,1.7999999999999998,0.6,0.0,0.30409356725146197
713,0,3,1,1.0875,0.0,0.0,0.0554578947368421
714,0,2,1,1.95,0.0,0.0,0.07602339181286549
715,0,3,1,0.7125,0.0,0.0,0.04473684210526316
716,1,1,0,1.425,0.0,0.0,1.3305555555555555
717,1,2,0,1.0125,0.0,0.0,0.06140350877192982
719,0,3,1,1.2375,0.0,0.0,0.04546783625730994
720,1,2,0,0.22499999999999998,0.0,0.5,0.19298245614035087
721,0,3,1,0.6375,0.6,0.0,0.04125263157894737
722,0,2,1,1.275,0.0,0.0,0.07602339181286549
723,0,2,1,1.875,0.0,0.0,0.07602339181286549
724,1,1,1,1.0125,0.6,0.0,0.3105263157894737
725,0,3,1,0.75,0.0,0.0,0.0506578947368421
726,1,2,0,1.125,1.7999999999999998,0.0,0.12280701754385964
728,0,2,1,0.9375,0.6,0.0,0.15204678362573099
729,0,3,0,0.9375,0.6,0.0,0.04634502923976608
730,1,1,0,1.0875,0.0,0.0,1.2358918128654972
731,0,3,1,0.4125,0.0,0.0,0.10986842105263159
733,0,2,1,0.8624999999999999,0.0,0.0,0.07602339181286549
734,0,2,1,0.8624999999999999,0.0,0.0,0.07602339181286549
735,0,3,1,1.0687499999999999,0.0,0.0,0.09415204678362574
736,0,3,0,1.7999999999999998,0.6,1.5,0.2010233918128655
737,1,1,1,1.3125,0.0,0.0,2.9960771929824563
741,0,1,1,1.3499999999999999,0.6,0.0,0.4611111111111111
742,1,1,0,0.7875,1.2,1.0,1.534356725146199
743,0,3,1,0.8999999999999999,0.6,0.0,0.09415204678362574
744,1,3,1,1.1624999999999999,0.0,0.0,0.04634502923976608
745,0,1,1,2.625,0.6,0.5,0.4152046783625731
746,0,3,1,0.6,0.6,0.5,0.11842105263157894
747,1,2,0,1.125,0.0,0.0,0.07602339181286549
748,0,1,1,0.7125,0.6,0.0,0.3105263157894737
749,0,3,1,1.1624999999999999,0.0,0.0,0.04532163742690058
750,1,2,0,0.15,0.6,0.5,0.13450292397660818
751,1,3,1,0.22499999999999998,0.0,0.5,0.072953216374269
752,0,3,1,1.2375,0.0,0.0,0.05555555555555555
753,0,3,1,0.8624999999999999,0.0,0.0,0.04617426900584796
754,1,2,0,1.7999999999999998,0.6,1.0,0.38011695906432746
755,1,2,1,0.025125,0.6,0.5,0.0847953216374269
756,0,3,1,1.05,0.0,0.0,0.04558947368421053
757,0,2,1,0.6749999999999999,0.0,0.0,0.06725146198830409
758,0,3,1,1.275,0.0,0.0,0.04707602339181287
759,1,1,0,1.2375,0.0,0.0,0.5058479532163743
761,0,3,1,1.5374999999999999,0.0,0.0,0.041666666666666664
762,1,3,1,0.75,0.0,0.0,0.04227602339181286
763,1,1,0,1.3499999999999999,0.6,1.0,0.7017543859649122
764,0,3,1,0.6,0.0,0.0,0.04546783625730994
765,1,1,0,1.9124999999999999,0.6,0.0,0.45589649122807013
767,0,3,0,1.14375,0.0,0.0,0.04532163742690058
769,0,3,1,1.2,0.0,0.0,0.04890350877192983
770,0,3,1,0.8999999999999999,0.0,0.0,0.05555555555555555
771,0,3,1,1.7999999999999998,0.0,0.0,0.04593099415204678
772,0,2,0,2.1374999999999997,0.0,0.0,0.06140350877192982
774,1,2,0,2.025,0.6,1.5,0.13450292397660818
775,0,3,1,0.6749999999999999,0.0,0.0,0.04532163742690058
777,1,3,0,0.1875,0.0,0.0,0.072953216374269
779,1,1,0,1.6124999999999998,0.0,0.5,1.2358918128654972
780,1,3,0,0.4875,0.0,0.0,0.04227602339181286
781,1,1,0,0.6375,0.6,0.0,0.3333333333333333
782,0,1,1,1.0875,0.0,0.0,0.17543859649122806
784,0,3,1,0.9375,0.0,0.0,0.04122807017543859
785,0,3,1,0.9375,0.0,0.0,0.04239766081871345
786,1,3,0,0.6749999999999999,0.0,0.0,0.04383508771929825
787,0,3,1,0.3,2.4,0.5,0.1703216374269006
788,1,3,1,0.0375,0.6,1.0,0.12032163742690058
789,0,1,1,1.7249999999999999,0.0,0.0,0.4631578947368421
791,0,2,1,0.6,0.0,0.0,0.15204678362573099
794,0,3,1,0.9375,0.0,0.0,0.04617426900584796
795,0,2,1,1.4625,0.0,0.0,0.07602339181286549
796,1,1,0,1.8375,0.0,0.0,0.1516327485380117
797,1,3,0,1.1624999999999999,0.0,0.0,0.05077953216374269
798,0,3,1,1.125,0.0,0.0,0.04227602339181286
799,0,3,0,1.125,0.6,0.5,0.1412280701754386
800,0,2,1,1.275,0.0,0.0,0.07602339181286549
801,1,2,0,1.1624999999999999,0.6,0.5,0.15350877192982457
802,1,1,1,0.4125,0.6,1.0,0.7017543859649122
803,1,3,1,0.01575,0.0,0.5,0.049805263157894734
804,1,3,1,1.0125,0.0,0.0,0.04078947368421052
805,0,3,1,1.1624999999999999,0.0,0.0,0.04546783625730994
806,0,1,1,1.4625,0.0,0.0,0.0
807,0,3,0,0.6749999999999999,0.0,0.0,0.04546783625730994
808,0,2,1,1.4625,0.0,0.0,0.07602339181286549
809,1,1,0,1.2375,0.6,0.0,0.3105263157894737
810,0,3,1,0.975,0.0,0.0,0.04612573099415205
811,0,3,1,1.4625,0.0,0.0,0.1412280701754386
812,0,2,1,1.3125,0.0,0.0,0.06140350877192982
813,0,3,0,0.22499999999999998,2.4,1.0,0.18289473684210525
814,0,3,1,1.14375,0.0,0.0,0.04707602339181287
816,0,3,0,0.8624999999999999,0.0,0.0,0.04634502923976608
817,0,2,1,1.1624999999999999,0.6,0.5,0.2163988304093567
818,0,3,1,1.6124999999999998,0.0,0.0,0.037719298245614034
819,0,3,1,0.375,1.7999999999999998,1.0,0.16315789473684209
820,1,1,0,1.95,0.6,0.5,0.5467836257309941
821,1,3,1,1.0125,0.0,0.0,0.0506578947368421
822,0,1,1,1.425,0.0,0.0,0.0
823,1,3,0,1.0125,0.0,0.5,0.072953216374269
824,0,3,1,0.075,2.4,0.5,0.2320906432748538
827,1,2,1,0.0375,0.0,1.0,0.2163988304093567
829,1,1,0,2.3249999999999997,0.0,0.0,0.4678362573099415
830,1,3,0,0.5625,0.6,0.0,0.08452748538011697
831,1,2,1,0.031124999999999996,0.6,0.5,0.10964912280701754
833,0,3,1,0.8624999999999999,0.0,0.0,0.04593099415204678
834,0,3,1,0.6749999999999999,0.0,0.0,0.048538011695906436
835,1,1,0,1.4625,0.6,0.5,0.48630584795321635
836,0,3,1,0.7875,0.0,0.0,0.0506578947368421
838,1,3,1,1.2,0.0,0.0,0.33038479532163745
840,0,3,1,0.75,0.0,0.0,0.04634502923976608
841,0,2,1,0.6,0.0,0.0,0.06140350877192982
842,1,1,0,1.125,0.0,0.0,0.18128654970760233
843,0,3,1,1.29375,0.0,0.0,0.03764619883040936
844,0,3,1,0.6375,0.0,0.0,0.0506578947368421
845,0,3,1,1.575,0.0,0.0,0.04415204678362573
847,0,3,1,1.3125,0.0,0.0,0.04617426900584796
848,0,2,1,1.05,0.0,0.5,0.19298245614035087
850,0,3,1,0.15,2.4,1.0,0.18289473684210525
851,0,3,1,2.775,0.0,0.0,0.04546783625730994
852,0,3,0,0.33749999999999997,0.6,0.5,0.08915672514619882
853,1,1,0,0.6,0.0,0.5,0.2304093567251462
854,0,2,0,1.65,0.6,0.0,0.15204678362573099
855,1,3,0,0.6749999999999999,0.0,0.5,0.054678362573099416
856,1,1,0,1.6875,0.6,0.5,0.9641327485380118
857,1,1,1,1.9124999999999999,0.0,0.0,0.15526315789473685
858,1,3,0,0.8999999999999999,0.0,1.5,0.11262163742690058
860,0,3,1,1.5374999999999999,1.2,0.0,0.0825046783625731
861,0,2,1,0.7875,0.6,0.0,0.06725146198830409
862,1,1,0,1.7999999999999998,0.0,0.0,0.1516327485380117
864,0,2,1,0.8999999999999999,0.0,0.0,0.07602339181286549
865,1,2,0,1.575,0.0,0.0,0.07602339181286549
866,1,2,0,1.0125,0.6,0.0,0.08104269005847953
867,0,1,1,1.1624999999999999,0.0,0.0,0.29529707602339184
869,1,3,1,0.15,0.6,0.5,0.06510701754385965
870,0,3,1,0.975,0.0,0.0,0.04617426900584796
871,1,1,0,1.7625,0.6,0.5,0.3073345029239766
872,0,1,1,1.2375,0.0,0.0,0.029239766081871343
873,0,3,1,1.7625,0.0,0.0,0.05263157894736842
874,1,2,0,1.05,0.6,0.0,0.14035087719298245
875,1,3,0,0.5625,0.0,0.0,0.04225146198830409
876,0,3,1,0.75,0.0,0.0,0.05757777777777778
877,0,3,1,0.7125,0.0,0.0,0.04617426900584796
879,1,1,0,2.1,0.0,0.5,0.48630584795321635
880,1,2,0,0.9375,0.0,0.5,0.15204678362573099
881,0,3,1,1.2375,0.0,0.0,0.04617426900584796
882,0,3,0,0.825,0.0,0.0,0.06150116959064328
883,0,2,1,1.05,0.0,0.0,0.06140350877192982
884,0,3,1,0.9375,0.0,0.0,0.04122807017543859
885,0,3,0,1.4625,0.0,2.5,0.1703216374269006
886,0,2,1,1.0125,0.0,0.0,0.07602339181286549
887,1,1,0,0.7125,0.0,0.0,0.17543859649122806
889,1,1,1,0.975,0.0,0.0,0.17543859649122806
890,0,3,1,1.2,0.0,0.0,0.04532163742690058
